{
    "avg_prec": 0.6497711698706874,
    "roc_auc": 0.7582013574660633
}