{
    "avg_prec": 0.7167086779522335,
    "roc_auc": 0.7956952243362589
}