{
    "avg_prec": 0.6588554511300233,
    "roc_auc": 0.7699049996532834
}